{
  "epoch": 9,
  "train": {
    "acc": 0.515,
    "precision_macro": 0.5146742626849603,
    "recall_macro": 0.5146788449085681,
    "f1_macro": 0.5146719182167145,
    "confusion_matrix": [
      [
        541,
        488
      ],
      [
        482,
        489
      ]
    ],
    "auroc": 0.5067992181424578
  },
  "val": {
    "acc": 0.516,
    "precision_macro": 0.516,
    "recall_macro": 0.5160010240655402,
    "f1_macro": 0.515992255876094,
    "confusion_matrix": [
      [
        130,
        122
      ],
      [
        120,
        128
      ]
    ],
    "auroc": 0.5192972350230415
  }
}