{
  "epoch": 7,
  "train": {
    "acc": 0.5005,
    "precision_macro": 0.5005843365778688,
    "recall_macro": 0.5005840286174023,
    "f1_macro": 0.5004639085173904,
    "confusion_matrix": [
      [
        492,
        515
      ],
      [
        484,
        509
      ]
    ],
    "auroc": 0.5029206431115125
  },
  "val": {
    "acc": 0.474,
    "precision_macro": 0.4743988208718499,
    "recall_macro": 0.4744172643442623,
    "f1_macro": 0.47398106331827944,
    "confusion_matrix": [
      [
        120,
        124
      ],
      [
        139,
        117
      ]
    ],
    "auroc": 0.5077324538934427
  }
}