{
  "epoch": 4,
  "train": {
    "acc": 0.507,
    "precision_macro": 0.5073029019003595,
    "recall_macro": 0.5072807280728073,
    "f1_macro": 0.5067390649653667,
    "confusion_matrix": [
      [
        530,
        460
      ],
      [
        526,
        484
      ]
    ],
    "auroc": 0.5126827682768277
  },
  "val": {
    "acc": 0.528,
    "precision_macro": 0.5282215977519069,
    "recall_macro": 0.5281204499271988,
    "f1_macro": 0.5276296616547373,
    "confusion_matrix": [
      [
        139,
        110
      ],
      [
        126,
        125
      ]
    ],
    "auroc": 0.530968495495928
  }
}