{
  "epoch": 10,
  "train": {
    "acc": 0.5165,
    "precision_macro": 0.5170927043555427,
    "recall_macro": 0.5170319222255232,
    "f1_macro": 0.5162551041464742,
    "confusion_matrix": [
      [
        539,
        444
      ],
      [
        523,
        494
      ]
    ],
    "auroc": 0.5245275884730687
  },
  "val": {
    "acc": 0.51,
    "precision_macro": 0.5103117582911028,
    "recall_macro": 0.5102894816853627,
    "f1_macro": 0.5098411885450886,
    "confusion_matrix": [
      [
        132,
        115
      ],
      [
        130,
        123
      ]
    ],
    "auroc": 0.507177033492823
  }
}