{
  "epoch": 2,
  "train": {
    "acc": 0.4785,
    "precision_macro": 0.4784782880085696,
    "recall_macro": 0.47862280760526843,
    "f1_macro": 0.47768505811191914,
    "confusion_matrix": [
      [
        518,
        479
      ],
      [
        564,
        439
      ]
    ],
    "auroc": 0.48166033494301447
  },
  "val": {
    "acc": 0.464,
    "precision_macro": 0.46590909090909094,
    "recall_macro": 0.46634615384615385,
    "f1_macro": 0.46314102564102566,
    "confusion_matrix": [
      [
        126,
        114
      ],
      [
        154,
        106
      ]
    ],
    "auroc": 0.44323717948717956
  }
}