{
  "epoch": 6,
  "train": {
    "acc": 0.5065,
    "precision_macro": 0.5055462906812209,
    "recall_macro": 0.5052686375051381,
    "f1_macro": 0.4995912314390554,
    "confusion_matrix": [
      [
        389,
        600
      ],
      [
        387,
        624
      ]
    ],
    "auroc": 0.5084555231182973
  },
  "val": {
    "acc": 0.518,
    "precision_macro": 0.5223754233188196,
    "recall_macro": 0.5207282913165266,
    "f1_macro": 0.5102243213253614,
    "confusion_matrix": [
      [
        98,
        157
      ],
      [
        84,
        161
      ]
    ],
    "auroc": 0.5191516606642657
  }
}