{
  "epoch": 5,
  "train": {
    "acc": 0.51,
    "precision_macro": 0.5098781694106305,
    "recall_macro": 0.5098800667040801,
    "f1_macro": 0.509874527879137,
    "confusion_matrix": [
      [
        494,
        487
      ],
      [
        493,
        526
      ]
    ],
    "auroc": 0.5147498246867118
  },
  "val": {
    "acc": 0.5,
    "precision_macro": 0.4996799180590231,
    "recall_macro": 0.4996794871794872,
    "f1_macro": 0.4996076924308658,
    "confusion_matrix": [
      [
        118,
        122
      ],
      [
        128,
        132
      ]
    ],
    "auroc": 0.5017788461538462
  }
}