{
  "epoch": 1,
  "train": {
    "acc": 0.4965,
    "precision_macro": 0.49270684211757976,
    "recall_macro": 0.4928094504365691,
    "f1_macro": 0.4920594567860882,
    "confusion_matrix": [
      [
        403,
        541
      ],
      [
        466,
        590
      ]
    ],
    "auroc": 0.5036965925141244
  },
  "val": {
    "acc": 0.488,
    "precision_macro": 0.48923591028854185,
    "recall_macro": 0.48926282051282055,
    "f1_macro": 0.48792626138163897,
    "confusion_matrix": [
      [
        119,
        141
      ],
      [
        115,
        125
      ]
    ],
    "auroc": 0.49581730769230764
  }
}