{
  "epoch": 3,
  "train": {
    "acc": 0.4965,
    "precision_macro": 0.495551022866599,
    "recall_macro": 0.49564137235761946,
    "f1_macro": 0.4934575795873968,
    "confusion_matrix": [
      [
        419,
        569
      ],
      [
        438,
        574
      ]
    ],
    "auroc": 0.49110071850346454
  },
  "val": {
    "acc": 0.496,
    "precision_macro": 0.4979583772391991,
    "recall_macro": 0.49801485655737704,
    "f1_macro": 0.49337364899639735,
    "confusion_matrix": [
      [
        106,
        150
      ],
      [
        102,
        142
      ]
    ],
    "auroc": 0.4967501280737705
  }
}