{
  "epoch": 8,
  "train": {
    "acc": 0.5,
    "precision_macro": 0.5024038698201938,
    "recall_macro": 0.5021979945487735,
    "f1_macro": 0.4901491721552108,
    "confusion_matrix": [
      [
        639,
        346
      ],
      [
        654,
        361
      ]
    ],
    "auroc": 0.5190707909279588
  },
  "val": {
    "acc": 0.464,
    "precision_macro": 0.46195211038961037,
    "recall_macro": 0.46399999999999997,
    "f1_macro": 0.45668921000989315,
    "confusion_matrix": [
      [
        145,
        105
      ],
      [
        163,
        87
      ]
    ],
    "auroc": 0.45342399999999994
  }
}